developer,month,repo,commits,share
Dicklesworthstone,2025-09,Dicklesworthstone/ultimate_mcp_server,1,1.000000
Dicklesworthstone,2025-10,Dicklesworthstone/rust_scriptbots,261,0.557692
Dicklesworthstone,2025-10,Dicklesworthstone/mcp_agent_mail,207,0.442308
Dicklesworthstone,2025-11,Dicklesworthstone/ultimate_bug_scanner,371,0.224305
Dicklesworthstone,2025-11,Dicklesworthstone/ultrasearch,270,0.163241
Dicklesworthstone,2025-11,Dicklesworthstone/coding_agent_session_search,225,0.136034
Dicklesworthstone,2025-11,Dicklesworthstone/beads_viewer,139,0.084039
Dicklesworthstone,2025-11,Dicklesworthstone/mcp_agent_mail,129,0.077993
Dicklesworthstone,2025-11,Dicklesworthstone/system_resource_protection_script,93,0.056227
Dicklesworthstone,2025-11,Dicklesworthstone/markdown_web_browser,92,0.055623
Dicklesworthstone,2025-11,Dicklesworthstone/bio_inspired_nanochat,89,0.053809
Dicklesworthstone,2025-11,Dicklesworthstone/wasm_cmaes,65,0.039299
Dicklesworthstone,2025-11,Dicklesworthstone/model_guided_research,51,0.030834
Dicklesworthstone,2025-11,Dicklesworthstone/fast_cmaes,51,0.030834
Dicklesworthstone,2025-11,Dicklesworthstone/cmaes_explainer,48,0.029021
Dicklesworthstone,2025-11,Dicklesworthstone/jeffrey_emanuel_personal_site,30,0.018138
Dicklesworthstone,2025-11,Dicklesworthstone/rust_scriptbots,1,0.000605
Dicklesworthstone,2025-12,Dicklesworthstone/agentic_coding_flywheel_setup,656,0.280702
Dicklesworthstone,2025-12,Dicklesworthstone/phage_explorer,367,0.157039
Dicklesworthstone,2025-12,Jyotilohar18/cass_memory_system,268,0.114677
Dicklesworthstone,2025-12,Dicklesworthstone/ntm,249,0.106547
Dicklesworthstone,2025-12,ry256/slb,163,0.069748
Dicklesworthstone,2025-12,Dicklesworthstone/brenner_bot,142,0.060762
Dicklesworthstone,2025-12,Dicklesworthstone/cass_memory_system,131,0.056055
Dicklesworthstone,2025-12,Dicklesworthstone/coding_agent_account_manager,128,0.054771
Dicklesworthstone,2025-12,Dicklesworthstone/chat_shared_conversation_to_file,51,0.021823
Dicklesworthstone,2025-12,Dicklesworthstone/slb,41,0.017544
Dicklesworthstone,2025-12,dahisea/All-Repo-Trending,40,0.017116
Dicklesworthstone,2025-12,Dicklesworthstone/mcp_agent_mail,33,0.014121
Dicklesworthstone,2025-12,Dicklesworthstone/ultimate_bug_scanner,21,0.008986
Dicklesworthstone,2025-12,Dicklesworthstone/coding_agent_session_search,18,0.007702
Dicklesworthstone,2025-12,Dicklesworthstone/jeffrey_emanuel_personal_site,10,0.004279
Dicklesworthstone,2025-12,Dicklesworthstone/source_to_prompt_tui,5,0.002139
Dicklesworthstone,2025-12,Dicklesworthstone/bio_inspired_nanochat,5,0.002139
Dicklesworthstone,2025-12,Dicklesworthstone/cool_desktop_wallpapers,3,0.001284
Dicklesworthstone,2025-12,Dicklesworthstone/cass-memory-system-agent-mailbox-viewer,1,0.000428
Dicklesworthstone,2025-12,Dicklesworthstone/ultrasearch,1,0.000428
Dicklesworthstone,2025-12,Dicklesworthstone/markdown_web_browser,1,0.000428
Dicklesworthstone,2025-12,Dicklesworthstone/beads_viewer-pages,1,0.000428
Dicklesworthstone,2025-12,Dicklesworthstone/model_guided_research,1,0.000428
Dicklesworthstone,2025-12,Dicklesworthstone/misc_coding_agent_tips_and_scripts,1,0.000428
Dicklesworthstone,2026-01,Dicklesworthstone/destructive_command_guard,1130,0.073606
Dicklesworthstone,2026-01,Dicklesworthstone/flywheel_gateway,1090,0.071001
Dicklesworthstone,2026-01,Dicklesworthstone/ntm,1002,0.065268
Dicklesworthstone,2026-01,Dicklesworthstone/jeffreysprompts.com,947,0.061686
Dicklesworthstone,2026-01,Dicklesworthstone/remote_compilation_helper,929,0.060513
Dicklesworthstone,2026-01,Dicklesworthstone/repo_updater,748,0.048723
Dicklesworthstone,2026-01,Dicklesworthstone/flywheel_connectors,746,0.048593
Dicklesworthstone,2026-01,Dicklesworthstone/asupersync,664,0.043252
Dicklesworthstone,2026-01,Dicklesworthstone/brenner_bot,599,0.039018
Dicklesworthstone,2026-01,Dicklesworthstone/coding_agent_session_search,586,0.038171
Dicklesworthstone,2026-01,Dicklesworthstone/beads_rust,539,0.035109
Dicklesworthstone,2026-01,Dicklesworthstone/process_triage,474,0.030875
Dicklesworthstone,2026-01,Dicklesworthstone/frankenterm,462,0.030094
Dicklesworthstone,2026-01,Dicklesworthstone/charmed_rust,446,0.029052
Dicklesworthstone,2026-01,Dicklesworthstone/agentic_coding_flywheel_setup,422,0.027488
Dicklesworthstone,2026-01,Dicklesworthstone/meta_skill,411,0.026772
Dicklesworthstone,2026-01,Dicklesworthstone/xf,352,0.022929
Dicklesworthstone,2026-01,Dicklesworthstone/rich_rust,352,0.022929
Dicklesworthstone,2026-01,Dicklesworthstone/sqlmodel_rust,320,0.020844
Dicklesworthstone,2026-01,Dicklesworthstone/opentui_rust,298,0.019411
Dicklesworthstone,2026-01,Dicklesworthstone/coding_agent_account_manager,281,0.018304
Dicklesworthstone,2026-01,Dicklesworthstone/phage_explorer,229,0.014917
Dicklesworthstone,2026-01,Dicklesworthstone/mcp_agent_mail,212,0.013809
Dicklesworthstone,2026-01,Dicklesworthstone/doodlestein_self_releaser,176,0.011464
Dicklesworthstone,2026-01,Dicklesworthstone/fastapi_rust,152,0.009901
Dicklesworthstone,2026-01,Dicklesworthstone/fastmcp_rust,148,0.009640
Dicklesworthstone,2026-01,Dicklesworthstone/beads_viewer,134,0.008729
Dicklesworthstone,2026-01,Dicklesworthstone/jeffrey_emanuel_personal_site,131,0.008533
Dicklesworthstone,2026-01,Dicklesworthstone/automated_plan_reviser_pro,119,0.007751
Dicklesworthstone,2026-01,Dicklesworthstone/rust_proxy,97,0.006318
Dicklesworthstone,2026-01,Dicklesworthstone/giil,95,0.006188
Dicklesworthstone,2026-01,Dicklesworthstone/cass_memory_system,77,0.005016
Dicklesworthstone,2026-01,Dicklesworthstone/rano,74,0.004820
Dicklesworthstone,2026-01,Dicklesworthstone/coding_agent_usage_tracker,72,0.004690
Dicklesworthstone,2026-01,Dicklesworthstone/savant-elite,67,0.004364
Dicklesworthstone,2026-01,Dicklesworthstone/vibe_cockpit,62,0.004039
Dicklesworthstone,2026-01,Dicklesworthstone/ultimate_bug_scanner,61,0.003973
Dicklesworthstone,2026-01,Dicklesworthstone/acip,52,0.003387
Dicklesworthstone,2026-01,Dicklesworthstone/toon_rust,47,0.003061
Dicklesworthstone,2026-01,Dicklesworthstone/slb,42,0.002736
Dicklesworthstone,2026-01,Dicklesworthstone/aadc,40,0.002606
Dicklesworthstone,2026-01,Dicklesworthstone/bio_inspired_nanochat,37,0.002410
Dicklesworthstone,2026-01,Dicklesworthstone/agent_settings_backup_script,37,0.002410
Dicklesworthstone,2026-01,Dicklesworthstone/agent_flywheel_clawdbot_skills_and_integrations,34,0.002215
Dicklesworthstone,2026-01,Dicklesworthstone/rust_stream_deck,34,0.002215
Dicklesworthstone,2026-01,Dicklesworthstone/misc_coding_agent_tips_and_scripts,32,0.002084
Dicklesworthstone,2026-01,Dicklesworthstone/homebrew-tap,30,0.001954
Dicklesworthstone,2026-01,Dicklesworthstone/post_compact_reminder,29,0.001889
Dicklesworthstone,2026-01,Dicklesworthstone/model_guided_research,28,0.001824
Dicklesworthstone,2026-01,Dicklesworthstone/surface-dial-rust,25,0.001628
Dicklesworthstone,2026-01,Dicklesworthstone/markdown_web_browser,22,0.001433
Dicklesworthstone,2026-01,Dicklesworthstone/source_to_prompt_tui,14,0.000912
Dicklesworthstone,2026-01,Dicklesworthstone/frankentui,14,0.000912
Dicklesworthstone,2026-01,Dicklesworthstone/ultrasearch,13,0.000847
Dicklesworthstone,2026-01,Dicklesworthstone/scoop-bucket,13,0.000847
Dicklesworthstone,2026-01,Dicklesworthstone/rust_scriptbots,12,0.000782
Dicklesworthstone,2026-01,Dicklesworthstone/lemelsonbot,12,0.000782
Dicklesworthstone,2026-01,Dicklesworthstone/chat_shared_conversation_to_file,11,0.000717
Dicklesworthstone,2026-01,Dicklesworthstone/system_resource_protection_script,11,0.000717
Dicklesworthstone,2026-01,Dicklesworthstone/ultimate_mcp_server,9,0.000586
Dicklesworthstone,2026-01,Dicklesworthstone/wasm_cmaes,7,0.000456
Dicklesworthstone,2026-01,Dicklesworthstone/ultimate_mcp_client,7,0.000456
Dicklesworthstone,2026-01,Dicklesworthstone/curl_bash_one_liners_for_flywheel_tools,5,0.000326
Dicklesworthstone,2026-01,Dicklesworthstone/fast_cmaes,5,0.000326
Dicklesworthstone,2026-01,Dicklesworthstone/toon-go,5,0.000326
Dicklesworthstone,2026-01,Dicklesworthstone/cmaes_explainer,4,0.000261
Dicklesworthstone,2026-01,Dicklesworthstone/llm_aided_ocr,4,0.000261
Dicklesworthstone,2026-01,Dicklesworthstone/suno2cd,3,0.000195
Dicklesworthstone,2026-01,Dicklesworthstone/beads_for_cass,3,0.000195
Dicklesworthstone,2026-01,Dicklesworthstone/beads_viewer_for_agentic_coding_flywheel_setup,2,0.000130
Dicklesworthstone,2026-01,Dicklesworthstone/useful_tmux_commands,2,0.000130
Dicklesworthstone,2026-01,Dicklesworthstone/llm-tournament,2,0.000130
Dicklesworthstone,2026-01,Dicklesworthstone/beads_viewer-pages,1,0.000065
Dicklesworthstone,2026-02,Dicklesworthstone/frankentui,2374,0.127552
Dicklesworthstone,2026-02,Dicklesworthstone/frankenterm,2311,0.124167
Dicklesworthstone,2026-02,Dicklesworthstone/asupersync,2262,0.121534
Dicklesworthstone,2026-02,Dicklesworthstone/pi_agent_rust,2050,0.110144
Dicklesworthstone,2026-02,Dicklesworthstone/frankensqlite,1341,0.072050
Dicklesworthstone,2026-02,Dicklesworthstone/mcp_agent_mail_rust,1105,0.059370
Dicklesworthstone,2026-02,Dicklesworthstone/ntm,618,0.033204
Dicklesworthstone,2026-02,Dicklesworthstone/coding_agent_session_search,485,0.026058
Dicklesworthstone,2026-02,Dicklesworthstone/process_triage,469,0.025199
Dicklesworthstone,2026-02,Dicklesworthstone/frankenlibc,440,0.023641
Dicklesworthstone,2026-02,Dicklesworthstone/frankenfs,391,0.021008
Dicklesworthstone,2026-02,Dicklesworthstone/franken_engine,305,0.016387
Dicklesworthstone,2026-02,Dicklesworthstone/frankensearch,295,0.015850
Dicklesworthstone,2026-02,Dicklesworthstone/jeffreysprompts.com,271,0.014560
Dicklesworthstone,2026-02,Dicklesworthstone/storage_ballast_helper,251,0.013486
Dicklesworthstone,2026-02,Dicklesworthstone/franken_node,248,0.013325
Dicklesworthstone,2026-02,Dicklesworthstone/fastmcp_rust,204,0.010961
Dicklesworthstone,2026-02,Dicklesworthstone/remote_compilation_helper,185,0.009940
Dicklesworthstone,2026-02,Dicklesworthstone/frankentui_website,178,0.009564
Dicklesworthstone,2026-02,Dicklesworthstone/frankenpandas,169,0.009080
Dicklesworthstone,2026-02,Dicklesworthstone/jeffrey_emanuel_personal_site,153,0.008221
Dicklesworthstone,2026-02,Dicklesworthstone/frankentorch,151,0.008113
Dicklesworthstone,2026-02,Dicklesworthstone/frankenjax,149,0.008006
Dicklesworthstone,2026-02,Dicklesworthstone/agentic_coding_flywheel_setup,133,0.007146
Dicklesworthstone,2026-02,Dicklesworthstone/sqlmodel_rust,133,0.007146
Dicklesworthstone,2026-02,Dicklesworthstone/franken_numpy,129,0.006931
Dicklesworthstone,2026-02,Dicklesworthstone/flywheel_connectors,124,0.006662
Dicklesworthstone,2026-02,Dicklesworthstone/charmed_rust,118,0.006340
Dicklesworthstone,2026-02,Dicklesworthstone/frankenredis,113,0.006071
Dicklesworthstone,2026-02,Dicklesworthstone/fastapi_rust,98,0.005265
Dicklesworthstone,2026-02,Dicklesworthstone/beads_rust,93,0.004997
Dicklesworthstone,2026-02,Dicklesworthstone/frankenmermaid,88,0.004728
Dicklesworthstone,2026-02,Dicklesworthstone/doodlestein_self_releaser,77,0.004137
Dicklesworthstone,2026-02,Dicklesworthstone/flywheel_gateway,77,0.004137
Dicklesworthstone,2026-02,Dicklesworthstone/asupersync_ansi_c,75,0.004030
Dicklesworthstone,2026-02,Dicklesworthstone/beads_viewer,70,0.003761
Dicklesworthstone,2026-02,Dicklesworthstone/mcp_agent_mail,69,0.003707
Dicklesworthstone,2026-02,Dicklesworthstone/cross_agent_session_resumer,66,0.003546
Dicklesworthstone,2026-02,Dicklesworthstone/franken_whisper,58,0.003116
Dicklesworthstone,2026-02,Dicklesworthstone/rich_rust,54,0.002901
Dicklesworthstone,2026-02,Dicklesworthstone/destructive_command_guard,53,0.002848
Dicklesworthstone,2026-02,Dicklesworthstone/repo_updater,38,0.002042
Dicklesworthstone,2026-02,Dicklesworthstone/Dicklesworthstone,30,0.001612
Dicklesworthstone,2026-02,Dicklesworthstone/toon_rust,27,0.001451
Dicklesworthstone,2026-02,Dicklesworthstone/frankenscipy,26,0.001397
Dicklesworthstone,2026-02,Dicklesworthstone/homebrew-tap,25,0.001343
Dicklesworthstone,2026-02,Dicklesworthstone/ultimate_bug_scanner,25,0.001343
Dicklesworthstone,2026-02,Dicklesworthstone/xf,24,0.001289
Dicklesworthstone,2026-02,Dicklesworthstone/opentui_rust,23,0.001236
Dicklesworthstone,2026-02,Dicklesworthstone/rano,23,0.001236
Dicklesworthstone,2026-02,Dicklesworthstone/vibe_cockpit,21,0.001128
Dicklesworthstone,2026-02,Dicklesworthstone/raptorq_article,20,0.001075
Dicklesworthstone,2026-02,Dicklesworthstone/franken_agent_detection,19,0.001021
Dicklesworthstone,2026-02,Dicklesworthstone/markdown_web_browser,17,0.000913
Dicklesworthstone,2026-02,Dicklesworthstone/scoop-bucket,17,0.000913
Dicklesworthstone,2026-02,Dicklesworthstone/meta_skill,17,0.000913
Dicklesworthstone,2026-02,Dicklesworthstone/beads_viewer_rust,17,0.000913
Dicklesworthstone,2026-02,Dicklesworthstone/frankensqlite_website,16,0.000860
Dicklesworthstone,2026-02,Dicklesworthstone/cass_memory_system,14,0.000752
Dicklesworthstone,2026-02,Dicklesworthstone/coding_agent_usage_tracker,11,0.000591
Dicklesworthstone,2026-02,Dicklesworthstone/slb,9,0.000484
Dicklesworthstone,2026-02,Dicklesworthstone/misc_coding_agent_tips_and_scripts,9,0.000484
Dicklesworthstone,2026-02,Dicklesworthstone/aadc,8,0.000430
Dicklesworthstone,2026-02,Dicklesworthstone/savant-elite,8,0.000430
Dicklesworthstone,2026-02,Dicklesworthstone/source_to_prompt_tui,8,0.000430
Dicklesworthstone,2026-02,Dicklesworthstone/fast_cmaes,8,0.000430
Dicklesworthstone,2026-02,Dicklesworthstone/coding_agent_account_manager,6,0.000322
Dicklesworthstone,2026-02,Dicklesworthstone/phage_explorer,5,0.000269
Dicklesworthstone,2026-02,Dicklesworthstone/beads_viewer_for_agentic_coding_flywheel_setup,5,0.000269
Dicklesworthstone,2026-02,Dicklesworthstone/ultimate_mcp_client,5,0.000269
Dicklesworthstone,2026-02,Dicklesworthstone/ultimate_mcp_server,5,0.000269
Dicklesworthstone,2026-02,Dicklesworthstone/giil,5,0.000269
Dicklesworthstone,2026-02,Dicklesworthstone/rust_stream_deck,5,0.000269
Dicklesworthstone,2026-02,Dicklesworthstone/rust_proxy,5,0.000269
Dicklesworthstone,2026-02,Dicklesworthstone/surface-dial-rust,5,0.000269
Dicklesworthstone,2026-02,Dicklesworthstone/llm-tournament,4,0.000215
Dicklesworthstone,2026-02,Dicklesworthstone/agent_settings_backup_script,4,0.000215
Dicklesworthstone,2026-02,Dicklesworthstone/agent_flywheel_clawdbot_skills_and_integrations,4,0.000215
Dicklesworthstone,2026-02,Dicklesworthstone/post_compact_reminder,4,0.000215
Dicklesworthstone,2026-02,Dicklesworthstone/brenner_bot,4,0.000215
Dicklesworthstone,2026-02,Dicklesworthstone/acip,4,0.000215
Dicklesworthstone,2026-02,Dicklesworthstone/bio_inspired_nanochat,4,0.000215
Dicklesworthstone,2026-02,Dicklesworthstone/lemelsonbot,3,0.000161
Dicklesworthstone,2026-02,Dicklesworthstone/automated_plan_reviser_pro,3,0.000161
Dicklesworthstone,2026-02,Dicklesworthstone/chat_shared_conversation_to_file,3,0.000161
Dicklesworthstone,2026-02,Dicklesworthstone/llm_aided_ocr,3,0.000161
Dicklesworthstone,2026-02,Dicklesworthstone/suno2cd,3,0.000161
Dicklesworthstone,2026-02,Dicklesworthstone/useful_tmux_commands,3,0.000161
Dicklesworthstone,2026-02,Dicklesworthstone/wasm_cmaes,3,0.000161
Dicklesworthstone,2026-02,Dicklesworthstone/toon-go,3,0.000161
Dicklesworthstone,2026-02,Dicklesworthstone/ultrasearch,3,0.000161
Dicklesworthstone,2026-02,Dicklesworthstone/beads-for-frankentui,3,0.000161
Dicklesworthstone,2026-02,Dicklesworthstone/rust_scriptbots,2,0.000107
Dicklesworthstone,2026-02,Dicklesworthstone/beads_viewer-pages,2,0.000107
Dicklesworthstone,2026-02,Dicklesworthstone/beads_for_cass,2,0.000107
Dicklesworthstone,2026-02,Dicklesworthstone/cmaes_explainer,2,0.000107
Dicklesworthstone,2026-02,Dicklesworthstone/curl_bash_one_liners_for_flywheel_tools,2,0.000107
Dicklesworthstone,2026-02,Dicklesworthstone/model_guided_research,2,0.000107
Dicklesworthstone,2026-02,Dicklesworthstone/system_resource_protection_script,2,0.000107
Dicklesworthstone,2026-02,Dicklesworthstone/franken_networkx,1,0.000054
Dicklesworthstone,2026-03,Dicklesworthstone/frankenterm,2301,0.166643
Dicklesworthstone,2026-03,Dicklesworthstone/asupersync,2012,0.145713
Dicklesworthstone,2026-03,Dicklesworthstone/flywheel_connectors,1344,0.097335
Dicklesworthstone,2026-03,Dicklesworthstone/frankensqlite,935,0.067714
Dicklesworthstone,2026-03,Dicklesworthstone/franken_engine,667,0.048305
Dicklesworthstone,2026-03,Dicklesworthstone/mcp_agent_mail_rust,634,0.045915
Dicklesworthstone,2026-03,Dicklesworthstone/franken_node,524,0.037949
Dicklesworthstone,2026-03,Dicklesworthstone/pi_agent_rust,504,0.036501
Dicklesworthstone,2026-03,Dicklesworthstone/ntm,386,0.027955
Dicklesworthstone,2026-03,Dicklesworthstone/beads_rust,375,0.027158
Dicklesworthstone,2026-03,Dicklesworthstone/beads_viewer_rust,350,0.025348
Dicklesworthstone,2026-03,Dicklesworthstone/coding_agent_session_search,326,0.023610
Dicklesworthstone,2026-03,Dicklesworthstone/frankenredis,312,0.022596
Dicklesworthstone,2026-03,Dicklesworthstone/frankenlibc,287,0.020785
Dicklesworthstone,2026-03,Dicklesworthstone/agentic_coding_flywheel_setup,250,0.018105
Dicklesworthstone,2026-03,Dicklesworthstone/frankenfs,249,0.018033
Dicklesworthstone,2026-03,Dicklesworthstone/asupersync_ansi_c,242,0.017526
Dicklesworthstone,2026-03,Dicklesworthstone/frankenmermaid,239,0.017309
Dicklesworthstone,2026-03,Dicklesworthstone/frankentui,236,0.017092
Dicklesworthstone,2026-03,Dicklesworthstone/franken_numpy,184,0.013326
Dicklesworthstone,2026-03,Dicklesworthstone/franken_networkx,183,0.013253
Dicklesworthstone,2026-03,Dicklesworthstone/frankenpandas,103,0.007459
Dicklesworthstone,2026-03,Dicklesworthstone/frankensearch,100,0.007242
Dicklesworthstone,2026-03,Dicklesworthstone/frankenjax,94,0.006808
Dicklesworthstone,2026-03,Dicklesworthstone/franken_whisper,75,0.005432
Dicklesworthstone,2026-03,Dicklesworthstone/storage_ballast_helper,60,0.004345
Dicklesworthstone,2026-03,Dicklesworthstone/vibe_cockpit,60,0.004345
Dicklesworthstone,2026-03,Dicklesworthstone/frankentorch,59,0.004273
Dicklesworthstone,2026-03,Dicklesworthstone/jeffreysprompts.com,57,0.004128
Dicklesworthstone,2026-03,Dicklesworthstone/destructive_command_guard,45,0.003259
Dicklesworthstone,2026-03,Dicklesworthstone/beads_viewer,43,0.003114
Dicklesworthstone,2026-03,Dicklesworthstone/cross_agent_session_resumer,43,0.003114
Dicklesworthstone,2026-03,Dicklesworthstone/remote_compilation_helper,43,0.003114
Dicklesworthstone,2026-03,Dicklesworthstone/mcp_agent_mail_website,35,0.002535
Dicklesworthstone,2026-03,Dicklesworthstone/frankenscipy,34,0.002462
Dicklesworthstone,2026-03,Dicklesworthstone/mcp_agent_mail,28,0.002028
Dicklesworthstone,2026-03,Dicklesworthstone/franken_agent_detection,27,0.001955
Dicklesworthstone,2026-03,Dicklesworthstone/fastmcp_rust,23,0.001666
Dicklesworthstone,2026-03,Dicklesworthstone/cass_memory_system,23,0.001666
Dicklesworthstone,2026-03,Dicklesworthstone/ultimate_bug_scanner,21,0.001521
Dicklesworthstone,2026-03,Dicklesworthstone/misc_coding_agent_tips_and_scripts,21,0.001521
Dicklesworthstone,2026-03,Dicklesworthstone/brenner_bot,18,0.001304
Dicklesworthstone,2026-03,Dicklesworthstone/process_triage,18,0.001304
Dicklesworthstone,2026-03,Dicklesworthstone/meta_skill,13,0.000941
Dicklesworthstone,2026-03,Dicklesworthstone/coding_agent_account_manager,12,0.000869
Dicklesworthstone,2026-03,Dicklesworthstone/jeffrey_emanuel_personal_site,12,0.000869
Dicklesworthstone,2026-03,Dicklesworthstone/sqlmodel_rust,12,0.000869
Dicklesworthstone,2026-03,Dicklesworthstone/homebrew-tap,12,0.000869
Dicklesworthstone,2026-03,Dicklesworthstone/rano,10,0.000724
Dicklesworthstone,2026-03,Dicklesworthstone/doodlestein_self_releaser,10,0.000724
Dicklesworthstone,2026-03,Dicklesworthstone/toon_rust,8,0.000579
Dicklesworthstone,2026-03,Dicklesworthstone/Dicklesworthstone,8,0.000579
Dicklesworthstone,2026-03,Dicklesworthstone/post_compact_reminder,7,0.000507
Dicklesworthstone,2026-03,Dicklesworthstone/coding_agent_usage_tracker,7,0.000507
Dicklesworthstone,2026-03,Dicklesworthstone/frankentui_website,6,0.000435
Dicklesworthstone,2026-03,Dicklesworthstone/xf,5,0.000362
Dicklesworthstone,2026-03,Dicklesworthstone/slb,5,0.000362
Dicklesworthstone,2026-03,Dicklesworthstone/agent_flywheel_clawdbot_skills_and_integrations,4,0.000290
Dicklesworthstone,2026-03,Dicklesworthstone/agent_settings_backup_script,4,0.000290
Dicklesworthstone,2026-03,Dicklesworthstone/charmed_rust,4,0.000290
Dicklesworthstone,2026-03,Dicklesworthstone/repo_updater,4,0.000290
Dicklesworthstone,2026-03,Dicklesworthstone/scoop-bucket,4,0.000290
Dicklesworthstone,2026-03,Dicklesworthstone/tsap_mcp_server,4,0.000290
Dicklesworthstone,2026-03,Dicklesworthstone/toon-go,3,0.000217
Dicklesworthstone,2026-03,Dicklesworthstone/beads-for-frankentui,3,0.000217
Dicklesworthstone,2026-03,Dicklesworthstone/bio_inspired_nanochat,3,0.000217
Dicklesworthstone,2026-03,Dicklesworthstone/phage_explorer,3,0.000217
Dicklesworthstone,2026-03,Dicklesworthstone/model_guided_research,3,0.000217
Dicklesworthstone,2026-03,Dicklesworthstone/markdown_web_browser,3,0.000217
Dicklesworthstone,2026-03,Dicklesworthstone/aadc,3,0.000217
Dicklesworthstone,2026-03,Dicklesworthstone/opentui_rust,3,0.000217
Dicklesworthstone,2026-03,Dicklesworthstone/flywheel_gateway,3,0.000217
Dicklesworthstone,2026-03,Dicklesworthstone/frankensqlite_website,3,0.000217
Dicklesworthstone,2026-03,Dicklesworthstone/asupersync_website,3,0.000217
Dicklesworthstone,2026-03,Dicklesworthstone/fast_cmaes,3,0.000217
Dicklesworthstone,2026-03,Dicklesworthstone/ascii_art_mini_transformer,3,0.000217
Dicklesworthstone,2026-03,Dicklesworthstone/rust_proxy,3,0.000217
Dicklesworthstone,2026-03,Dicklesworthstone/savant-elite,3,0.000217
Dicklesworthstone,2026-03,Dicklesworthstone/giil,3,0.000217
Dicklesworthstone,2026-03,Dicklesworthstone/lemelsonbot,3,0.000217
Dicklesworthstone,2026-03,Dicklesworthstone/claude_code_agent_farm,3,0.000217
Dicklesworthstone,2026-03,Dicklesworthstone/rich_rust,3,0.000217
Dicklesworthstone,2026-03,Dicklesworthstone/acip,2,0.000145
Dicklesworthstone,2026-03,Dicklesworthstone/raptorq_article,2,0.000145
Dicklesworthstone,2026-03,Dicklesworthstone/automated_flywheel_setup_checker,2,0.000145
Dicklesworthstone,2026-03,Dicklesworthstone/source_to_prompt_tui,2,0.000145
Dicklesworthstone,2026-03,Dicklesworthstone/letter_learning_game,2,0.000145
Dicklesworthstone,2026-03,Dicklesworthstone/llm_aided_ocr,2,0.000145
Dicklesworthstone,2026-03,Dicklesworthstone/chat_shared_conversation_to_file,2,0.000145
Dicklesworthstone,2026-03,Dicklesworthstone/surface-dial-rust,2,0.000145
Dicklesworthstone,2026-03,Dicklesworthstone/llm_multi_round_coding_tournament,2,0.000145
Dicklesworthstone,2026-03,Dicklesworthstone/system_resource_protection_script,2,0.000145
Dicklesworthstone,2026-03,Dicklesworthstone/llm-tournament,2,0.000145
Dicklesworthstone,2026-03,Dicklesworthstone/ultimate_mcp_client,2,0.000145
Dicklesworthstone,2026-03,Dicklesworthstone/ultimate_mcp_server,2,0.000145
Dicklesworthstone,2026-03,Dicklesworthstone/wasm_cmaes,2,0.000145
Dicklesworthstone,2026-03,Dicklesworthstone/rust_stream_deck,1,0.000072
Dicklesworthstone,2026-03,Dicklesworthstone/beads_for_asupersync,1,0.000072
Dicklesworthstone,2026-04,Dicklesworthstone/frankenterm,2778,0.144778
Dicklesworthstone,2026-04,Dicklesworthstone/frankenlibc,1724,0.089848
Dicklesworthstone,2026-04,Dicklesworthstone/flywheel_connectors,1657,0.086356
Dicklesworthstone,2026-04,Dicklesworthstone/frankenpandas,1455,0.075829
Dicklesworthstone,2026-04,Dicklesworthstone/franken_networkx,1447,0.075412
Dicklesworthstone,2026-04,Dicklesworthstone/coding_agent_session_search,1254,0.065353
Dicklesworthstone,2026-04,Dicklesworthstone/franken_numpy,1232,0.064207
Dicklesworthstone,2026-04,Dicklesworthstone/frankenredis,1042,0.054305
Dicklesworthstone,2026-04,Dicklesworthstone/frankensqlite,966,0.050344
Dicklesworthstone,2026-04,Dicklesworthstone/frankenfs,908,0.047321
Dicklesworthstone,2026-04,Dicklesworthstone/beads_rust,589,0.030696
Dicklesworthstone,2026-04,Dicklesworthstone/mcp_agent_mail_rust,512,0.026683
Dicklesworthstone,2026-04,Dicklesworthstone/asupersync,403,0.021003
Dicklesworthstone,2026-04,Dicklesworthstone/frankenjax,373,0.019439
Dicklesworthstone,2026-04,Dicklesworthstone/agentic_coding_flywheel_setup,345,0.017980
Dicklesworthstone,2026-04,Dicklesworthstone/destructive_command_guard,298,0.015531
Dicklesworthstone,2026-04,Dicklesworthstone/frankentorch,281,0.014645
Dicklesworthstone,2026-04,Dicklesworthstone/frankenmermaid,220,0.011465
Dicklesworthstone,2026-04,Dicklesworthstone/frankentui,160,0.008339
Dicklesworthstone,2026-04,Dicklesworthstone/jeffrey_emanuel_personal_site,157,0.008182
Dicklesworthstone,2026-04,Dicklesworthstone/franken_engine,152,0.007922
Dicklesworthstone,2026-04,Dicklesworthstone/ultimate_bug_scanner,122,0.006358
Dicklesworthstone,2026-04,Dicklesworthstone/ntm,119,0.006202
Dicklesworthstone,2026-04,Dicklesworthstone/franken_node,101,0.005264
Dicklesworthstone,2026-04,Dicklesworthstone/pi_agent_rust,92,0.004795
Dicklesworthstone,2026-04,Dicklesworthstone/frankensearch,91,0.004743
Dicklesworthstone,2026-04,Dicklesworthstone/beads_viewer_rust,85,0.004430
Dicklesworthstone,2026-04,Dicklesworthstone/franken_whisper,68,0.003544
Dicklesworthstone,2026-04,Dicklesworthstone/asupersync_ansi_c,67,0.003492
Dicklesworthstone,2026-04,Dicklesworthstone/remote_compilation_helper,67,0.003492
Dicklesworthstone,2026-04,Dicklesworthstone/mcp_agent_mail,62,0.003231
Dicklesworthstone,2026-04,Dicklesworthstone/franken_agent_detection,46,0.002397
Dicklesworthstone,2026-04,Dicklesworthstone/automated_flywheel_setup_checker,35,0.001824
Dicklesworthstone,2026-04,Dicklesworthstone/cass_memory_system,33,0.001720
Dicklesworthstone,2026-04,Dicklesworthstone/storage_ballast_helper,27,0.001407
Dicklesworthstone,2026-04,Dicklesworthstone/doodlestein_self_releaser,26,0.001355
Dicklesworthstone,2026-04,Dicklesworthstone/process_triage,15,0.000782
Dicklesworthstone,2026-04,Dicklesworthstone/beads_viewer,14,0.000730
Dicklesworthstone,2026-04,Dicklesworthstone/fastmcp_rust,14,0.000730
Dicklesworthstone,2026-04,Dicklesworthstone/toon_rust,14,0.000730
Dicklesworthstone,2026-04,Dicklesworthstone/aadc,10,0.000521
Dicklesworthstone,2026-04,Dicklesworthstone/coding_agent_usage_tracker,9,0.000469
Dicklesworthstone,2026-04,Dicklesworthstone/xf,9,0.000469
Dicklesworthstone,2026-04,Dicklesworthstone/slb,9,0.000469
Dicklesworthstone,2026-04,Dicklesworthstone/meta_skill,8,0.000417
Dicklesworthstone,2026-04,Dicklesworthstone/sqlmodel_rust,8,0.000417
Dicklesworthstone,2026-04,Dicklesworthstone/charmed_rust,8,0.000417
Dicklesworthstone,2026-04,Dicklesworthstone/cross_agent_session_resumer,8,0.000417
Dicklesworthstone,2026-04,Dicklesworthstone/vibe_cockpit,7,0.000365
Dicklesworthstone,2026-04,Dicklesworthstone/misc_coding_agent_tips_and_scripts,5,0.000261
Dicklesworthstone,2026-04,Dicklesworthstone/opentui_rust,5,0.000261
Dicklesworthstone,2026-04,Dicklesworthstone/coding_agent_account_manager,5,0.000261
Dicklesworthstone,2026-04,Dicklesworthstone/rano,5,0.000261
Dicklesworthstone,2026-04,Dicklesworthstone/savant-elite,4,0.000208
Dicklesworthstone,2026-04,Dicklesworthstone/rust_proxy,3,0.000156
Dicklesworthstone,2026-04,Dicklesworthstone/wasm_cmaes,3,0.000156
Dicklesworthstone,2026-04,Dicklesworthstone/markdown_web_browser,3,0.000156
Dicklesworthstone,2026-04,Dicklesworthstone/frankensqlite_website,3,0.000156
Dicklesworthstone,2026-04,Dicklesworthstone/repo_updater,3,0.000156
Dicklesworthstone,2026-04,Dicklesworthstone/frankenscipy,2,0.000104
Dicklesworthstone,2026-04,Dicklesworthstone/phage_explorer,2,0.000104
Dicklesworthstone,2026-04,Dicklesworthstone/system_resource_protection_script,2,0.000104
Dicklesworthstone,2026-04,Dicklesworthstone/brenner_bot,1,0.000052
Dicklesworthstone,2026-04,Dicklesworthstone/ascii_art_mini_transformer,1,0.000052
Dicklesworthstone,2026-04,Dicklesworthstone/bio_inspired_nanochat,1,0.000052
Dicklesworthstone,2026-04,Dicklesworthstone/jeffreysprompts.com,1,0.000052
Dicklesworthstone,2026-04,Dicklesworthstone/surface-dial-rust,1,0.000052
Dicklesworthstone,2026-04,Dicklesworthstone/beads-for-frankentui,1,0.000052
Dicklesworthstone,2026-04,Dicklesworthstone/frankentui_website,1,0.000052
Dicklesworthstone,2026-04,Dicklesworthstone/homebrew-tap,1,0.000052
Dicklesworthstone,2026-04,Dicklesworthstone/llm-tournament,1,0.000052
Dicklesworthstone,2026-04,Dicklesworthstone/lemelsonbot,1,0.000052
Dicklesworthstone,2026-04,Dicklesworthstone/model_guided_research,1,0.000052
Dicklesworthstone,2026-04,Dicklesworthstone/source_to_prompt_tui,1,0.000052
Dicklesworthstone,2026-04,Dicklesworthstone/chat_shared_conversation_to_file,1,0.000052
Dicklesworthstone,2026-04,Dicklesworthstone/Dicklesworthstone,1,0.000052
Dicklesworthstone,2026-04,Dicklesworthstone/post_compact_reminder,1,0.000052
Dicklesworthstone,2026-04,Dicklesworthstone/agent_settings_backup_script,1,0.000052
clubanderson,2025-09,llm-d/llm-d-workload-variant-autoscaler,3,1.000000
clubanderson,2025-10,kubestellar/docs,63,0.732558
clubanderson,2025-10,llm-d/llm-d-workload-variant-autoscaler,19,0.220930
clubanderson,2025-10,kubestellar/ui,3,0.034884
clubanderson,2025-10,kubestellar/kubestellar,1,0.011628
clubanderson,2025-11,kubestellar/docs,40,0.493827
clubanderson,2025-11,llm-d/llm-d-workload-variant-autoscaler,32,0.395062
clubanderson,2025-11,kubestellar/ui-plugins,3,0.037037
clubanderson,2025-11,kubestellar/ui,2,0.024691
clubanderson,2025-11,kubestellar/homebrew-kubectl-multi,1,0.012346
clubanderson,2025-11,kubestellar/kubectl-rbac-flatten-plugin,1,0.012346
clubanderson,2025-11,kubestellar/infra,1,0.012346
clubanderson,2025-11,llm-d/llm-d,1,0.012346
clubanderson,2025-12,kubestellar/docs,118,0.641304
clubanderson,2025-12,llm-d/llm-d-workload-variant-autoscaler,64,0.347826
clubanderson,2025-12,kubestellar/kubestellar,1,0.005435
clubanderson,2025-12,kubestellar/kubectl-rbac-flatten-plugin,1,0.005435
clubanderson,2026-01,kubestellar/console,670,0.473833
clubanderson,2026-01,kubestellar/docs,176,0.124470
clubanderson,2026-01,kubestellar/infra,138,0.097595
clubanderson,2026-01,kubestellar/kubestellar-mcp,48,0.033946
clubanderson,2026-01,kubestellar/kubestellar,46,0.032532
clubanderson,2026-01,kubestellar/ui,45,0.031825
clubanderson,2026-01,kubestellar/a2a,41,0.028996
clubanderson,2026-01,kubestellar/galaxy,36,0.025460
clubanderson,2026-01,kubestellar/repo-template-go,27,0.019095
clubanderson,2026-01,kubestellar/.github,26,0.018388
clubanderson,2026-01,kubestellar/repo-template,24,0.016973
clubanderson,2026-01,kubestellar/kubestellar-killercoda,22,0.015559
clubanderson,2026-01,kubestellar/ui-plugins,21,0.014851
clubanderson,2026-01,llm-d/llm-d-workload-variant-autoscaler,20,0.014144
clubanderson,2026-01,kubestellar/claude-plugins,20,0.014144
clubanderson,2026-01,kubestellar/homebrew-tap,20,0.014144
clubanderson,2026-01,kubestellar/homebrew-kubectl-multi,17,0.012023
clubanderson,2026-01,kubestellar/kubectl-rbac-flatten-plugin,16,0.011315
clubanderson,2026-01,llm-d/llm-d,1,0.000707
clubanderson,2026-02,kubestellar/console,722,0.591803
clubanderson,2026-02,clubanderson/clubTivi,162,0.132787
clubanderson,2026-02,kubestellar/copilot-remote,99,0.081148
clubanderson,2026-02,llm-d/llm-d-infra,51,0.041803
clubanderson,2026-02,kubestellar/docs,27,0.022131
clubanderson,2026-02,llm-d/llm-d,25,0.020492
clubanderson,2026-02,llm-d/llm-d-workload-variant-autoscaler,21,0.017213
clubanderson,2026-02,kubestellar/console-kb,20,0.016393
clubanderson,2026-02,llm-d/llm-d-benchmark,16,0.013115
clubanderson,2026-02,kubestellar/console-marketplace,14,0.011475
clubanderson,2026-02,kubestellar/claude-plugins,8,0.006557
clubanderson,2026-02,kubestellar/.github,6,0.004918
clubanderson,2026-02,llm-d-incubation/llm-d-fast-model-actuation,5,0.004098
clubanderson,2026-02,kubestellar/kubestellar-mcp,4,0.003279
clubanderson,2026-02,llm-d/llm-d.github.io,4,0.003279
clubanderson,2026-02,kubestellar/ui,3,0.002459
clubanderson,2026-02,llm-d/llm-d-inference-sim,3,0.002459
clubanderson,2026-02,kubestellar/infra,2,0.001639
clubanderson,2026-02,kubestellar/homebrew-tap,2,0.001639
clubanderson,2026-02,llm-d/llm-d-kv-cache,2,0.001639
clubanderson,2026-02,llm-d-incubation/llm-d-modelservice,2,0.001639
clubanderson,2026-02,llm-d-incubation/llm-d-ci,2,0.001639
clubanderson,2026-02,llm-d-incubation/llm-d-async,2,0.001639
clubanderson,2026-02,llm-d/llm-d-python-template,2,0.001639
clubanderson,2026-02,clubanderson/aquaautomate,2,0.001639
clubanderson,2026-02,kubestellar/repo-template-go,1,0.000820
clubanderson,2026-02,kubestellar/ui-plugins,1,0.000820
clubanderson,2026-02,kubestellar/a2a,1,0.000820
clubanderson,2026-02,kubestellar/homebrew-kubectl-multi,1,0.000820
clubanderson,2026-02,kubestellar/kubestellar-killercoda,1,0.000820
clubanderson,2026-02,kubestellar/galaxy,1,0.000820
clubanderson,2026-02,kubestellar/kubectl-rbac-flatten-plugin,1,0.000820
clubanderson,2026-02,kubestellar/repo-template,1,0.000820
clubanderson,2026-02,kubestellar/kubestellar,1,0.000820
clubanderson,2026-02,llm-d/llm-d-pd-utils,1,0.000820
clubanderson,2026-02,llm-d-incubation/batch-gateway,1,0.000820
clubanderson,2026-02,llm-d/llm-d-go-template,1,0.000820
clubanderson,2026-02,llm-d-incubation/llm-d-infra,1,0.000820
clubanderson,2026-02,llm-d-incubation/ig-wva,1,0.000820
clubanderson,2026-03,kubestellar/console-kb,1168,0.474411
clubanderson,2026-03,kubestellar/console,1057,0.429326
clubanderson,2026-03,kubestellar/copilot-remote,67,0.027214
clubanderson,2026-03,kubestellar/docs,47,0.019090
clubanderson,2026-03,clubanderson/aquaautomate,35,0.014216
clubanderson,2026-03,llm-d/llm-d-infra,17,0.006905
clubanderson,2026-03,llm-d/llm-d-prism,10,0.004062
clubanderson,2026-03,llm-d/llm-d-benchmark,8,0.003249
clubanderson,2026-03,llm-d/llm-d-workload-variant-autoscaler,6,0.002437
clubanderson,2026-03,clubanderson/ha-water-quality-monitor,6,0.002437
clubanderson,2026-03,kubestellar/infra,5,0.002031
clubanderson,2026-03,llm-d/llm-d,2,0.000812
clubanderson,2026-03,llm-d-incubation/secure-inference,2,0.000812
clubanderson,2026-03,llm-d-incubation/batch-gateway,2,0.000812
clubanderson,2026-03,kubestellar/.github,2,0.000812
clubanderson,2026-03,llm-d/llm-d.github.io,2,0.000812
clubanderson,2026-03,llm-d-incubation/hermes,2,0.000812
clubanderson,2026-03,kubestellar/homebrew-tap,2,0.000812
clubanderson,2026-03,kubestellar/kubestellar,1,0.000406
clubanderson,2026-03,llm-d/llm-d-python-template,1,0.000406
clubanderson,2026-03,llm-d/llm-d-inference-sim,1,0.000406
clubanderson,2026-03,llm-d/llm-d-kv-cache,1,0.000406
clubanderson,2026-03,llm-d-incubation/llm-d-modelservice,1,0.000406
clubanderson,2026-03,llm-d-incubation/llm-d-fast-model-actuation,1,0.000406
clubanderson,2026-03,llm-d-incubation/llm-d-infra,1,0.000406
clubanderson,2026-03,llm-d-incubation/llm-d-ci,1,0.000406
clubanderson,2026-03,llm-d-incubation/ig-wva,1,0.000406
clubanderson,2026-03,llm-d-incubation/llm-d-async,1,0.000406
clubanderson,2026-03,llm-d/llm-d-go-template,1,0.000406
clubanderson,2026-03,llm-d/llm-d-pd-utils,1,0.000406
clubanderson,2026-03,kubestellar/console-marketplace,1,0.000406
clubanderson,2026-03,microcks/community,1,0.000406
clubanderson,2026-03,strimzi/awesome-strimzi,1,0.000406
clubanderson,2026-03,openfga/community,1,0.000406
clubanderson,2026-03,open-cluster-management-io/open-cluster-management-io.github.io,1,0.000406
clubanderson,2026-03,notaryproject/notaryproject.dev,1,0.000406
clubanderson,2026-03,opencost/opencost-website,1,0.000406
clubanderson,2026-03,kubean-io/kubean,1,0.000406
clubanderson,2026-03,kube-vip/kube-vip,1,0.000406
clubanderson,2026-03,kmesh-net/kmesh,1,0.000406
clubanderson,2026-04,kubestellar/console,2546,0.801637
clubanderson,2026-04,kubestellar/hive,290,0.091310
clubanderson,2026-04,kubestellar/console-kb,168,0.052897
clubanderson,2026-04,kubestellar/docs,98,0.030856
clubanderson,2026-04,kubestellar/homebrew-tap,6,0.001889
clubanderson,2026-04,kubestellar/kubestellar-mcp,5,0.001574
clubanderson,2026-04,kubestellar/console-marketplace,5,0.001574
clubanderson,2026-04,llm-d/llm-d,4,0.001259
clubanderson,2026-04,kubestellar/infra,3,0.000945
clubanderson,2026-04,kubestellar/ui,2,0.000630
clubanderson,2026-04,kubestellar/a2a,2,0.000630
clubanderson,2026-04,kubestellar/repo-template-go,2,0.000630
clubanderson,2026-04,kubestellar/repo-template,2,0.000630
clubanderson,2026-04,opencost/opencost-website,2,0.000630
clubanderson,2026-04,kcp-dev/kcp,2,0.000630
clubanderson,2026-04,llm-d/llm-d-latency-predictor,2,0.000630
clubanderson,2026-04,llm-d/llm-d-inference-payload-processor,2,0.000630
clubanderson,2026-04,opsre/awesome-ops,2,0.000630
clubanderson,2026-04,kitops-ml/kitops,1,0.000315
clubanderson,2026-04,clubanderson/sample-runbooks,1,0.000315
clubanderson,2026-04,kubestellar/galaxy,1,0.000315
clubanderson,2026-04,kubestellar/kubectl-rbac-flatten-plugin,1,0.000315
clubanderson,2026-04,kubestellar/ui-plugins,1,0.000315
clubanderson,2026-04,kubestellar/homebrew-kubectl-multi,1,0.000315
clubanderson,2026-04,kubestellar/kubestellar-killercoda,1,0.000315
clubanderson,2026-04,kubestellar/.github,1,0.000315
clubanderson,2026-04,kubestellar/claude-plugins,1,0.000315
clubanderson,2026-04,kubestellar/copilot-remote,1,0.000315
clubanderson,2026-04,easegress-io/easegress,1,0.000315
clubanderson,2026-04,llm-d/llm-d-infra,1,0.000315
clubanderson,2026-04,cadence-workflow/cadence,1,0.000315
clubanderson,2026-04,pipe-cd/pipecd,1,0.000315
clubanderson,2026-04,llm-d/llm-d-workload-variant-autoscaler,1,0.000315
clubanderson,2026-04,microcks/community,1,0.000315
clubanderson,2026-04,ovn-kubernetes/ovn-kubernetes,1,0.000315
clubanderson,2026-04,kubewarden/docs,1,0.000315
clubanderson,2026-04,open-cluster-management-io/ocm,1,0.000315
clubanderson,2026-04,kubeovn/kube-ovn,1,0.000315
clubanderson,2026-04,submariner-io/submariner-website,1,0.000315
clubanderson,2026-04,shospodarets/awesome-platform-engineering,1,0.000315
clubanderson,2026-04,The-Art-of-Hacking/h4cker,1,0.000315
clubanderson,2026-04,SquadcastHub/awesome-sre-tools,1,0.000315
clubanderson,2026-04,adriannovegil/awesome-observability,1,0.000315
clubanderson,2026-04,collabnix/kubetools,1,0.000315
clubanderson,2026-04,llm-d/llm-d-benchmark,1,0.000315
clubanderson,2026-04,open-policy-agent/opa,1,0.000315
clubanderson,2026-04,flavienbwk/awesome-llm-devops,1,0.000315
clubanderson,2026-04,edenreich/awesome-infrastructure,1,0.000315
clubanderson,2026-04,TensorBlock/awesome-mcp-servers,1,0.000315
clubanderson,2026-04,github/awesome-copilot,1,0.000315
clubanderson,2026-04,Jenqyang/Awesome-AI-Agents,1,0.000315
mavam,2025-09,tenzir/tree-sitter-tql,59,0.226923
mavam,2025-09,tenzir/tenzir,57,0.219231
mavam,2025-09,tenzir/test,48,0.184615
mavam,2025-09,tenzir/docs,36,0.138462
mavam,2025-09,mavam/dotfiles,33,0.126923
mavam,2025-09,tenzir/zed-tql,15,0.057692
mavam,2025-09,tenzir/security-lake-tools,8,0.030769
mavam,2025-09,tenzir/library,4,0.015385
mavam,2025-10,tenzir/test,78,0.272727
mavam,2025-10,tenzir/ship,77,0.269231
mavam,2025-10,tenzir/docs,52,0.181818
mavam,2025-10,tenzir/tenzir,42,0.146853
mavam,2025-10,mavam/dotfiles,14,0.048951
mavam,2025-10,tenzir/library,11,0.038462
mavam,2025-10,tenzir/tree-sitter-tql,7,0.024476
mavam,2025-10,tenzir/mcp,5,0.017483
mavam,2025-11,tenzir/mcp,39,0.333333
mavam,2025-11,tenzir/tenzir,24,0.205128
mavam,2025-11,tenzir/docs,23,0.196581
mavam,2025-11,tenzir/ship,19,0.162393
mavam,2025-11,tenzir/test,7,0.059829
mavam,2025-11,tenzir/library,3,0.025641
mavam,2025-11,mavam/dotfiles,2,0.017094
mavam,2025-12,tenzir/docs,233,0.290524
mavam,2025-12,tenzir/claude-plugins,231,0.288030
mavam,2025-12,tenzir/tenzir,106,0.132170
mavam,2025-12,tenzir/ship,75,0.093516
mavam,2025-12,tenzir/news,39,0.048628
mavam,2025-12,mavam/dotfiles,34,0.042394
mavam,2025-12,tenzir/mcp,23,0.028678
mavam,2025-12,tenzir/test,22,0.027431
mavam,2025-12,tenzir/tree-sitter-tql,11,0.013716
mavam,2025-12,tenzir/library,10,0.012469
mavam,2025-12,tenzir/vscode-tql,8,0.009975
mavam,2025-12,tenzir/security-lake-tools,6,0.007481
mavam,2025-12,tenzir/platform,3,0.003741
mavam,2025-12,tenzir/zed-tql,1,0.001247
mavam,2026-01,tenzir/docs,176,0.310406
mavam,2026-01,tenzir/claude-plugins,153,0.269841
mavam,2026-01,tenzir/tenzir,117,0.206349
mavam,2026-01,mavam/dotfiles,39,0.068783
mavam,2026-01,tenzir/ship,37,0.065256
mavam,2026-01,tenzir/test,22,0.038801
mavam,2026-01,tenzir/library,10,0.017637
mavam,2026-01,tenzir/news,5,0.008818
mavam,2026-01,tenzir/mcp,4,0.007055
mavam,2026-01,tenzir/tree-sitter-tql,2,0.003527
mavam,2026-01,tenzir/security-lake-tools,2,0.003527
mavam,2026-02,tenzir/tenzir,343,0.671233
mavam,2026-02,mavam/dotfiles,46,0.090020
mavam,2026-02,tenzir/docs,37,0.072407
mavam,2026-02,tenzir/test,37,0.072407
mavam,2026-02,tenzir/claude-plugins,15,0.029354
mavam,2026-02,tenzir/ship,11,0.021526
mavam,2026-02,mavam/pi-mcporter,10,0.019569
mavam,2026-02,mavam/pi-terminal-theme,9,0.017613
mavam,2026-02,tenzir/library,1,0.001957
mavam,2026-02,tenzir/platform,1,0.001957
mavam,2026-02,tenzir/codemirror-lang-tql,1,0.001957
mavam,2026-03,tenzir/tenzir,139,0.303493
mavam,2026-03,mavam/pi-web-providers,73,0.159389
mavam,2026-03,mavam/pi-fancy-footer,50,0.109170
mavam,2026-03,tenzir/docs,32,0.069869
mavam,2026-03,tenzir/ship,29,0.063319
mavam,2026-03,mavam/dotfiles,29,0.063319
mavam,2026-03,tenzir/skills,29,0.063319
mavam,2026-03,mavam/pi-agents,14,0.030568
mavam,2026-03,mavam/clattio,12,0.026201
mavam,2026-03,tenzir/pi-formatter,10,0.021834
mavam,2026-03,mavam/pi-mcporter,9,0.019651
mavam,2026-03,tenzir/library,8,0.017467
mavam,2026-03,tenzir/test,5,0.010917
mavam,2026-03,tenzir/homebrew-tenzir,5,0.010917
mavam,2026-03,tenzir/claude-plugins,5,0.010917
mavam,2026-03,mavam/quarto-brief,4,0.008734
mavam,2026-03,tenzir/news,2,0.004367
mavam,2026-03,mavam/pi-terminal-theme,1,0.002183
mavam,2026-03,openclaw/mcporter,1,0.002183
mavam,2026-03,mavam/pi-banner,1,0.002183
mavam,2026-04,tenzir/tenzir,66,0.286957
mavam,2026-04,mavam/pi-web-providers,34,0.147826
mavam,2026-04,mavam/dotfiles,29,0.126087
mavam,2026-04,tenzir/skills,17,0.073913
mavam,2026-04,mavam/pi-fancy-footer,16,0.069565
mavam,2026-04,tenzir/ship,13,0.056522
mavam,2026-04,tenzir/docs,13,0.056522
mavam,2026-04,tenzir/pi-formatter,10,0.043478
mavam,2026-04,tenzir/test,8,0.034783
mavam,2026-04,mavam/pi-mcporter,3,0.013043
mavam,2026-04,mavam/mavam,3,0.013043
mavam,2026-04,mavam/pi-service-tier,3,0.013043
mavam,2026-04,downstairs-dawgs/clacks,3,0.013043
mavam,2026-04,mavam/pi-agents,2,0.008696
mavam,2026-04,mavam/pi-banner,2,0.008696
mavam,2026-04,tenzir/codemirror-lang-tql,2,0.008696
mavam,2026-04,mavam/pi-worktrunk,2,0.008696
mavam,2026-04,mavam/pi-terminal-theme,1,0.004348
mavam,2026-04,mavam/clattio,1,0.004348
mavam,2026-04,tenzir/mcp,1,0.004348
mavam,2026-04,tenzir/homebrew-tenzir,1,0.004348
obra,2025-09,obra/dotfiles,4,1.000000
obra,2025-10,obra/packnplay,135,0.355263
obra,2025-10,obra/superpowers,114,0.300000
obra,2025-10,obra/episodic-memory,50,0.131579
obra,2025-10,obra/superpowers-marketplace,29,0.076316
obra,2025-10,obra/superpowers-chrome,26,0.068421
obra,2025-10,obra/dotfiles,19,0.050000
obra,2025-10,obra/superpowers-developing-for-claude-code,6,0.015789
obra,2025-10,obra/superpowers-lab,1,0.002632
obra,2025-11,obra/packnplay,136,0.457912
obra,2025-11,obra/superpowers,55,0.185185
obra,2025-11,obra/external-subagents,45,0.151515
obra,2025-11,obra/superpowers-chrome,18,0.060606
obra,2025-11,obra/superpowers-marketplace,18,0.060606
obra,2025-11,obra/double-shot-latte,14,0.047138
obra,2025-11,obra/episodic-memory,10,0.033670
obra,2025-11,obra/superpowers-developing-for-claude-code,1,0.003367
obra,2025-12,obra/wordiest,146,0.445122
obra,2025-12,obra/superpowers,49,0.149390
obra,2025-12,obra/winby,37,0.112805
obra,2025-12,obra/external-subagents,25,0.076220
obra,2025-12,obra/superpowers-marketplace,19,0.057927
obra,2025-12,obra/superpowers-chrome,18,0.054878
obra,2025-12,obra/streamlinear,14,0.042683
obra,2025-12,obra/episodic-memory,8,0.024390
obra,2025-12,obra/superpowers-developing-for-claude-code,4,0.012195
obra,2025-12,obra/double-shot-latte,4,0.012195
obra,2025-12,obra/dayflow-export,2,0.006098
obra,2025-12,obra/superpowers-lab,1,0.003049
obra,2025-12,obra/dotfiles,1,0.003049
obra,2026-01,prime-radiant-inc/stockyard,346,0.636029
obra,2026-01,prime-radiant-inc/llm-proxy,79,0.145221
obra,2026-01,obra/moltipass,47,0.086397
obra,2026-01,obra/winby,44,0.080882
obra,2026-01,obra/superpowers,11,0.020221
obra,2026-01,obra/superpowers-chrome,7,0.012868
obra,2026-01,obra/superpowers-marketplace,5,0.009191
obra,2026-01,obra/superpowers-lab,3,0.005515
obra,2026-01,obra/amplifier-frontend-ent,1,0.001838
obra,2026-01,prime-radiant-inc/homebrew-tap,1,0.001838
obra,2026-02,prime-radiant-inc/serf,541,0.490481
obra,2026-02,prime-radiant-inc/sprout,279,0.252947
obra,2026-02,prime-radiant-inc/claude-session-viewer,65,0.058930
obra,2026-02,prime-radiant-inc/engineering-notebook,54,0.048957
obra,2026-02,prime-radiant-inc/beeper-message-sync,31,0.028105
obra,2026-02,obra/wayback-restorer,19,0.017226
obra,2026-02,prime-radiant-inc/claude-plugin-cxdb-integration,19,0.017226
obra,2026-02,obra/superpowers,16,0.014506
obra,2026-02,blaine/fantastty,13,0.011786
obra,2026-02,obra/smallest-agent,10,0.009066
obra,2026-02,obra/superpowers-marketplace,9,0.008160
obra,2026-02,obra/cc-plugin-decision-log,8,0.007253
obra,2026-02,obra/iMessagePrinter,8,0.007253
obra,2026-02,obra/claude-session-driver,7,0.006346
obra,2026-02,obra/github-triage,6,0.005440
obra,2026-02,obra/superpowers-chrome,4,0.003626
obra,2026-02,obra/streamlinear,3,0.002720
obra,2026-02,obra/packnplay,3,0.002720
obra,2026-02,obra/amplifier-module-hooks-concise-display,2,0.001813
obra,2026-02,obra/double-shot-latte,2,0.001813
obra,2026-02,obra/moltipass,1,0.000907
obra,2026-02,crosspoint-reader/crosspoint-reader,1,0.000907
obra,2026-02,obra/comic-ocr,1,0.000907
obra,2026-02,microsoft/amplifier,1,0.000907
obra,2026-03,prime-radiant-inc/sprout,495,0.336277
obra,2026-03,prime-radiant-inc/serf,345,0.234375
obra,2026-03,prime-radiant-inc/clearance,146,0.099185
obra,2026-03,obra/pepper-x,96,0.065217
obra,2026-03,obra/superpowers,94,0.063859
obra,2026-03,prime-radiant-inc/gauntlet,93,0.063179
obra,2026-03,matthartman/ghost-pepper,93,0.063179
obra,2026-03,prime-radiant-inc/beeper-message-sync,36,0.024457
obra,2026-03,obra/knowledge-graph,26,0.017663
obra,2026-03,prime-radiant-inc/harbor-eval-analysis-dashboard,13,0.008832
obra,2026-03,prime-radiant-inc/scribble,12,0.008152
obra,2026-03,obra/superpowers-marketplace,7,0.004755
obra,2026-03,obra/LLM.swift,5,0.003397
obra,2026-03,obra/episodic-memory,3,0.002038
obra,2026-03,obra/smallest-agent,2,0.001359
obra,2026-03,prime-radiant-inc/github-triage,2,0.001359
obra,2026-03,prime-radiant-inc/engineering-notebook,2,0.001359
obra,2026-03,prime-radiant-inc/homebrew-tap,1,0.000679
obra,2026-03,obra/narcolepsyd,1,0.000679
obra,2026-04,prime-radiant-inc/sprout,273,0.404444
obra,2026-04,prime-radiant-inc/iterative-development,96,0.142222
obra,2026-04,obra/mutter-butter,70,0.103704
obra,2026-04,prime-radiant-inc/iterative-development-example-ghost-pepper,63,0.093333
obra,2026-04,matthartman/ghost-pepper,40,0.059259
obra,2026-04,prime-radiant-inc/kindle-highlight-exporter,39,0.057778
obra,2026-04,prime-radiant-inc/serf,19,0.028148
obra,2026-04,obra/private-journal-mcp,15,0.022222
obra,2026-04,obra/superpowers,13,0.019259
obra,2026-04,obra/superpowers-chrome,12,0.017778
obra,2026-04,prime-radiant-inc/gauntlet,10,0.014815
obra,2026-04,obra/pepper-x,7,0.010370
obra,2026-04,obra/superpowers-marketplace,6,0.008889
obra,2026-04,prime-radiant-inc/clearance,5,0.007407
obra,2026-04,srosro/tkmx-client,2,0.002963
obra,2026-04,obra/narcolepsyd,1,0.001481
obra,2026-04,openai/plugins,1,0.001481
obra,2026-04,obra/LLM.swift,1,0.001481
obra,2026-04,prime-radiant-inc/prime-radiant-marketplace,1,0.001481
obra,2026-04,prime-radiant-inc/github-triage,1,0.001481
philipp-spiess,2025-09,philipp-spiess/any-agent,32,0.969697
philipp-spiess,2025-09,philipp-spiess/spiess.dev,1,0.030303
philipp-spiess,2025-10,agentlogs/agentlogs,70,0.958904
philipp-spiess,2025-10,philipp-spiess/any-agent,3,0.041096
philipp-spiess,2025-12,philipp-spiess/memos,8,0.615385
philipp-spiess,2025-12,philipp-spiess/spiess.dev,2,0.153846
philipp-spiess,2025-12,philipp-spiess/ai,2,0.153846
philipp-spiess,2025-12,steipete/CodexBar,1,0.076923
philipp-spiess,2026-01,agentlogs/agentlogs,344,0.917333
philipp-spiess,2026-01,agentlogs/claude-code,13,0.034667
philipp-spiess,2026-01,philipp-spiess/anchor-stack,9,0.024000
philipp-spiess,2026-01,philipp-spiess/ai,4,0.010667
philipp-spiess,2026-01,philipp-spiess/spiess.dev,2,0.005333
philipp-spiess,2026-01,openclaw/openclaw,2,0.005333
philipp-spiess,2026-01,philipp-spiess/any-agent,1,0.002667
philipp-spiess,2026-02,philipp-spiess/modern,135,0.439739
philipp-spiess,2026-02,agentlogs/agentlogs,81,0.263844
philipp-spiess,2026-02,philipp-spiess/spiess.dev,26,0.084691
philipp-spiess,2026-02,philipp-spiess/walkingdevs.com,17,0.055375
philipp-spiess,2026-02,philipp-spiess/openfuse,17,0.055375
philipp-spiess,2026-02,philipp-spiess/pi-parallel-web-search,11,0.035831
philipp-spiess,2026-02,philipp-spiess/philipp-spiess,8,0.026059
philipp-spiess,2026-02,philipp-spiess/pi-slot-machine,5,0.016287
philipp-spiess,2026-02,openclaw/openclaw,4,0.013029
philipp-spiess,2026-02,agentlogs/claude-code,2,0.006515
philipp-spiess,2026-02,philipp-spiess/ai,1,0.003257
philipp-spiess,2026-03,agentlogs/agentlogs,54,0.495413
philipp-spiess,2026-03,philipp-spiess/incus-ts,16,0.146789
philipp-spiess,2026-03,sandboxsdk/capsule,11,0.100917
philipp-spiess,2026-03,philipp-spiess/modern,10,0.091743
philipp-spiess,2026-03,philipp-spiess/define-service,7,0.064220
philipp-spiess,2026-03,philipp-spiess/philipp-spiess,5,0.045872
philipp-spiess,2026-03,philipp-spiess/bun-workflow,5,0.045872
philipp-spiess,2026-03,philipp-spiess/bun-supervise-worker,1,0.009174
philipp-spiess,2026-04,agentlogs/agentlogs,4,1.000000
ruvnet,2025-09,ruvnet/ruflo,314,1.000000
ruvnet,2025-10,ruvnet/agentic-flow,156,0.636735
ruvnet,2025-10,ruvnet/ruflo,87,0.355102
ruvnet,2025-10,ruvnet/ruvnet,2,0.008163
ruvnet,2025-11,ruvnet/agentic-flow,270,0.523256
ruvnet,2025-11,ruvnet/ruvector,206,0.399225
ruvnet,2025-11,ruvnet/ruflo,35,0.067829
ruvnet,2025-11,agenticsorg/hackathon-tv5,5,0.009690
ruvnet,2025-12,subnirvake/vector-sh,383,0.438215
ruvnet,2025-12,ruvnet/ruvector,239,0.273455
ruvnet,2025-12,ruvnet/agentic-flow,140,0.160183
ruvnet,2025-12,URF365LLC/SELF-AI,58,0.066362
ruvnet,2025-12,dahisea/All-Repo-Trending,15,0.017162
ruvnet,2025-12,agenticsorg/hackathon-tv5,7,0.008009
ruvnet,2025-12,ruvnet/ruflo,7,0.008009
ruvnet,2025-12,while-basic/c-flow,7,0.008009
ruvnet,2025-12,EarthmanWeb/claude-flow-plugin,7,0.008009
ruvnet,2025-12,CreekBar/claude-flow,7,0.008009
ruvnet,2025-12,nolandubeau/hackathon-tv5,4,0.004577
ruvnet,2026-01,ruvnet/ruflo,2082,0.911559
ruvnet,2026-01,ruvnet/ruvector,118,0.051664
ruvnet,2026-01,ruvnet/agentic-flow,74,0.032399
ruvnet,2026-01,ruvnet/marketing,4,0.001751
ruvnet,2026-01,ruvnet/wifi-densepose,3,0.001313
ruvnet,2026-01,ruvnet/QuDAG,2,0.000876
ruvnet,2026-01,ruvnet/ruvnet,1,0.000438
ruvnet,2026-02,ruvnet/ruflo,699,0.652661
ruvnet,2026-02,ruvnet/ruvector,289,0.269841
ruvnet,2026-02,ruvnet/agentic-flow,64,0.059757
ruvnet,2026-02,ruvnet/wifi-densepose,12,0.011204
ruvnet,2026-02,ruvnet/ruv-FANN,7,0.006536
ruvnet,2026-03,ruvnet/RuView,209,0.518610
ruvnet,2026-03,ruvnet/RuVector,120,0.297767
ruvnet,2026-03,ruvnet/ruflo,55,0.136476
ruvnet,2026-03,ruvnet/agentic-flow,15,0.037221
ruvnet,2026-03,ruvnet/ruvnet,2,0.004963
ruvnet,2026-03,mrjcleaver/video-sync,1,0.002481
ruvnet,2026-03,cognitum-one/cogs,1,0.002481
ruvnet,2026-04,ruvnet/RuLake,177,0.371069
ruvnet,2026-04,ruvnet/RuView,99,0.207547
ruvnet,2026-04,ruvnet/RuVector,90,0.188679
ruvnet,2026-04,ruvnet/ruflo,39,0.081761
ruvnet,2026-04,cognitum-one/ruOS,20,0.041929
ruvnet,2026-04,ruvnet/Connectome-OS,12,0.025157
ruvnet,2026-04,ruvnet/open-claude-code,10,0.020964
ruvnet,2026-04,ruvnet/rudevolution,8,0.016771
ruvnet,2026-04,ruvnet/rvm,6,0.012579
ruvnet,2026-04,ruvnet/ruos-macair,3,0.006289
ruvnet,2026-04,cognitum-one/cognitum-claude-plugin,3,0.006289
ruvnet,2026-04,agenticsorg/claude-plugin,3,0.006289
ruvnet,2026-04,ruvnet/obsidian-brain,2,0.004193
ruvnet,2026-04,cognitum-one/cogs,2,0.004193
ruvnet,2026-04,ruvnet/musica,1,0.002096
ruvnet,2026-04,cognitum-one/.github,1,0.002096
ruvnet,2026-04,ruvnet/cognitum-claude-plugin,1,0.002096
steipete,2025-09,steipete/inngest,36,0.450000
steipete,2025-09,steipete/bslog,34,0.425000
steipete,2025-09,steipete/steipete.me,9,0.112500
steipete,2025-09,steipete/poltergeist,1,0.012500
steipete,2025-10,steipete/tmuxwatch,16,0.695652
steipete,2025-10,steipete/steipete.me,6,0.260870
steipete,2025-10,steipete/bslog,1,0.043478
steipete,2025-11,steipete/Peekaboo,1013,0.223769
steipete,2025-11,steipete/oracle,829,0.183123
steipete,2025-11,steipete/mcporter,459,0.101392
steipete,2025-11,steipete/CodexBar,388,0.085708
steipete,2025-11,steipete/poltergeist,367,0.081069
steipete,2025-11,openclaw/openclaw,287,0.063397
steipete,2025-11,steipete/Trimmy,252,0.055666
steipete,2025-11,steipete/Tachikoma,236,0.052132
steipete,2025-11,steipete/tmuxwatch,111,0.024520
steipete,2025-11,steipete/agent-scripts,98,0.021648
steipete,2025-11,steipete/RepoBar,90,0.019881
steipete,2025-11,steipete/Markdansi,70,0.015463
steipete,2025-11,steipete/Commander,62,0.013696
steipete,2025-11,steipete/TauTUI,60,0.013254
steipete,2025-11,steipete/steipete,56,0.012370
steipete,2025-11,steipete/sweetlink,41,0.009057
steipete,2025-11,steipete/AXorcist,33,0.007290
steipete,2025-11,steipete/homebrew-tap,32,0.007069
steipete,2025-11,steipete/Swiftdansi,31,0.006848
steipete,2025-11,steipete/stats-store,3,0.000663
steipete,2025-11,steipete/Demark,3,0.000663
steipete,2025-11,steipete/macos-automator-mcp,3,0.000663
steipete,2025-11,steipete/agent-rules,2,0.000442
steipete,2025-11,amantus-ai/vibetunnel,1,0.000221
steipete,2025-12,openclaw/openclaw,2122,0.341927
steipete,2025-12,steipete/summarize,928,0.149533
steipete,2025-12,steipete/CodexBar,651,0.104898
steipete,2025-12,steipete/RepoBar,556,0.089591
steipete,2025-12,steipete/Peekaboo,310,0.049952
steipete,2025-12,steipete/oracle,236,0.038028
steipete,2025-12,steipete/gogcli,143,0.023042
steipete,2025-12,amantus-ai/vibetunnel,115,0.018530
steipete,2025-12,steipete/homebrew-tap,103,0.016597
steipete,2025-12,steipete/Trimmy,93,0.014985
steipete,2025-12,steipete/sonoscli,90,0.014502
steipete,2025-12,steipete/brabble,89,0.014341
steipete,2025-12,steipete/agent-scripts,59,0.009507
steipete,2025-12,steipete/lore.md,46,0.007412
steipete,2025-12,steipete/gifgrep,46,0.007412
steipete,2025-12,steipete/mcporter,45,0.007251
steipete,2025-12,steipete/ordercli,44,0.007090
steipete,2025-12,steipete/imsg,43,0.006929
steipete,2025-12,steipete/Markdansi,43,0.006929
steipete,2025-12,steipete/sweet-cookie,37,0.005962
steipete,2025-12,steipete/sag,36,0.005801
steipete,2025-12,steipete/camsnap,32,0.005156
steipete,2025-12,steipete/blucli,31,0.004995
steipete,2025-12,steipete/Tachikoma,30,0.004834
steipete,2025-12,steipete/SweetCookieKit,27,0.004351
steipete,2025-12,steipete/canvas,22,0.003545
steipete,2025-12,steipete/sweetlink,22,0.003545
steipete,2025-12,steipete/eightctl,20,0.003223
steipete,2025-12,steipete/steipete,19,0.003062
steipete,2025-12,steipete/wacli,18,0.002900
steipete,2025-12,steipete/stats-store,18,0.002900
steipete,2025-12,steipete/osc-progress,16,0.002578
steipete,2025-12,steipete/ElevenLabsKit,15,0.002417
steipete,2025-12,steipete/SOUL.md,14,0.002256
steipete,2025-12,steipete/tokentally,11,0.001772
steipete,2025-12,steipete/steipete.me,10,0.001611
steipete,2025-12,steipete/TauTUI,8,0.001289
steipete,2025-12,badlogic/pi-mono,7,0.001128
steipete,2025-12,steipete/Demark,7,0.001128
steipete,2025-12,steipete/poltergeist,6,0.000967
steipete,2025-12,steipete/Swiftdansi,6,0.000967
steipete,2025-12,steipete/AXorcist,6,0.000967
steipete,2025-12,steipete/Swabble,5,0.000806
steipete,2025-12,steipete/delicli,4,0.000645
steipete,2025-12,steipete/tmuxwatch,3,0.000483
steipete,2025-12,steipete/aibench,3,0.000483
steipete,2025-12,steipete/Commander,2,0.000322
steipete,2025-12,steipete/vox,2,0.000322
steipete,2025-12,steipete/demark-landing,2,0.000322
steipete,2025-12,steipete/macos-automator-mcp,2,0.000322
steipete,2025-12,steipete/agent-rules,2,0.000322
steipete,2025-12,steipete/ObservationTrackingExample,1,0.000161
steipete,2026-01,openclaw/openclaw,4525,0.722843
steipete,2026-01,openclaw/openclaw.ai,327,0.052236
steipete,2026-01,openclaw/clawhub,251,0.040096
steipete,2026-01,steipete/summarize,247,0.039457
steipete,2026-01,steipete/gogcli,223,0.035623
steipete,2026-01,steipete/CodexBar,217,0.034665
steipete,2026-01,steipete/RepoBar,46,0.007348
steipete,2026-01,steipete/ElevenLabsKit,41,0.006550
steipete,2026-01,steipete/imsg,41,0.006550
steipete,2026-01,steipete/homebrew-tap,34,0.005431
steipete,2026-01,steipete/gifgrep,33,0.005272
steipete,2026-01,steipete/spogo,32,0.005112
steipete,2026-01,steipete/goplaces,29,0.004633
steipete,2026-01,steipete/songsee,28,0.004473
steipete,2026-01,steipete/Peekaboo,16,0.002556
steipete,2026-01,steipete/SweetCookieKit,15,0.002396
steipete,2026-01,steipete/oracle,15,0.002396
steipete,2026-01,steipete/sag,15,0.002396
steipete,2026-01,steipete/wacli,14,0.002236
steipete,2026-01,steipete/steipete,13,0.002077
steipete,2026-01,steipete/Trimmy,11,0.001757
steipete,2026-01,steipete/agent-scripts,11,0.001757
steipete,2026-01,steipete/sweetcookie,8,0.001278
steipete,2026-01,steipete/remindctl,8,0.001278
steipete,2026-01,steipete/Tachikoma,5,0.000799
steipete,2026-01,steipete/AXorcist,4,0.000639
steipete,2026-01,openclaw/lobster,4,0.000639
steipete,2026-01,steipete/blucli,3,0.000479
steipete,2026-01,steipete/sonoscli,3,0.000479
steipete,2026-01,openclaw/butter.bot,3,0.000479
steipete,2026-01,steipete/Commander,2,0.000319
steipete,2026-01,steipete/Markdansi,2,0.000319
steipete,2026-01,steipete/osc-progress,2,0.000319
steipete,2026-01,steipete/camsnap,2,0.000319
steipete,2026-01,steipete/canvas,2,0.000319
steipete,2026-01,steipete/eightctl,2,0.000319
steipete,2026-01,steipete/ordercli,2,0.000319
steipete,2026-01,steipete/tmuxwatch,2,0.000319
steipete,2026-01,openclaw/skills,2,0.000319
steipete,2026-01,steipete/Swiftdansi,2,0.000319
steipete,2026-01,steipete/Demark,1,0.000160
steipete,2026-01,steipete/brabble,1,0.000160
steipete,2026-01,steipete/bslog,1,0.000160
steipete,2026-01,steipete/inngest,1,0.000160
steipete,2026-01,steipete/lore.md,1,0.000160
steipete,2026-01,steipete/mcporter,1,0.000160
steipete,2026-01,steipete/poltergeist,1,0.000160
steipete,2026-01,steipete/sweetlink,1,0.000160
steipete,2026-01,steipete/tokentally,1,0.000160
steipete,2026-01,steipete/vox,1,0.000160
steipete,2026-01,steipete/mintlify-docs,1,0.000160
steipete,2026-01,openclaw/clawgo,1,0.000160
steipete,2026-01,steipete/clawdbot.com,1,0.000160
steipete,2026-01,steipete/steipete.me,1,0.000160
steipete,2026-01,steipete/TauTUI,1,0.000160
steipete,2026-01,openclaw/flawd-bot,1,0.000160
steipete,2026-01,steipete/lobsterbot,1,0.000160
steipete,2026-01,moltbot/.github,1,0.000160
steipete,2026-02,openclaw/openclaw,3782,0.916626
steipete,2026-02,openclaw/clawhub,143,0.034658
steipete,2026-02,steipete/gogcli,58,0.014057
steipete,2026-02,steipete/summarize,41,0.009937
steipete,2026-02,openclaw/openclaw.ai,36,0.008725
steipete,2026-02,steipete/imsg,14,0.003393
steipete,2026-02,steipete/oracle,12,0.002908
steipete,2026-02,steipete/homebrew-tap,7,0.001697
steipete,2026-02,steipete/goplaces,7,0.001697
steipete,2026-02,steipete/metcli,5,0.001212
steipete,2026-02,steipete/wacli,5,0.001212
steipete,2026-02,steipete/CodexBar,4,0.000969
steipete,2026-02,steipete/gifgrep,4,0.000969
steipete,2026-02,steipete/steipete.me,3,0.000727
steipete,2026-02,steipete/agent-scripts,2,0.000485
steipete,2026-02,steipete/steipete,2,0.000485
steipete,2026-02,openclaw/skills,1,0.000242
steipete,2026-03,openclaw/openclaw,3966,0.837239
steipete,2026-03,steipete/summarize,205,0.043276
steipete,2026-03,openclaw/gogcli,130,0.027444
steipete,2026-03,openclaw/clawhub,115,0.024277
steipete,2026-03,openclaw/discrawl,51,0.010766
steipete,2026-03,steipete/birdclaw,48,0.010133
steipete,2026-03,openclaw/mcporter,38,0.008022
steipete,2026-03,openclaw/Peekaboo,26,0.005489
steipete,2026-03,steipete/agent-scripts,25,0.005278
steipete,2026-03,steipete/oracle,22,0.004644
steipete,2026-03,openclaw/openclaw.ai,16,0.003378
steipete,2026-03,steipete/CodexBar,16,0.003378
steipete,2026-03,steipete/sweet-cookie,14,0.002955
steipete,2026-03,steipete/triage,14,0.002955
steipete,2026-03,steipete/homebrew-tap,10,0.002111
steipete,2026-03,openclaw/spogo,10,0.002111
steipete,2026-03,openclaw/Tachikoma,8,0.001689
steipete,2026-03,openclaw/multipass,7,0.001478
steipete,2026-03,steipete/speaking,6,0.001267
steipete,2026-03,steipete/ordercli,4,0.000844
steipete,2026-03,openclaw/imsg,2,0.000422
steipete,2026-03,steipete/steipete,2,0.000422
steipete,2026-03,openclaw/acpx,1,0.000211
steipete,2026-03,openclaw/AXorcist,1,0.000211
steipete,2026-04,openclaw/openclaw,8085,0.875474
steipete,2026-04,openclaw/clawsweeper,299,0.032377
steipete,2026-04,openclaw/gogcli,118,0.012777
steipete,2026-04,openclaw/discrawl,87,0.009421
steipete,2026-04,steipete/summarize,70,0.007580
steipete,2026-04,openclaw/docs,49,0.005306
steipete,2026-04,openclaw/wacli,46,0.004981
steipete,2026-04,steipete/CodexBar,42,0.004548
steipete,2026-04,openclaw/clownfish,40,0.004331
steipete,2026-04,openclaw/clawhub,36,0.003898
steipete,2026-04,steipete/birdclaw,30,0.003249
steipete,2026-04,openclaw/acpx,29,0.003140
steipete,2026-04,steipete/homebrew-tap,26,0.002815
steipete,2026-04,openclaw/gitcrawl,24,0.002599
steipete,2026-04,steipete/agent-scripts,20,0.002166
steipete,2026-04,openclaw/openclaw.ai,18,0.001949
steipete,2026-04,steipete/wacrawl,18,0.001949
steipete,2026-04,openclaw/mcporter,15,0.001624
steipete,2026-04,openclaw/Peekaboo,13,0.001408
steipete,2026-04,openclaw/crabbox,13,0.001408
steipete,2026-04,amantus-ai/vibetunnel,9,0.000975
steipete,2026-04,openclaw/lobster,8,0.000866
steipete,2026-04,steipete/macos-automator-mcp,8,0.000866
steipete,2026-04,steipete/eightctl,7,0.000758
steipete,2026-04,steipete/blucli,5,0.000541
steipete,2026-04,steipete/tokentally,5,0.000541
steipete,2026-04,steipete/osc-progress,5,0.000541
steipete,2026-04,steipete/stats-store,5,0.000541
steipete,2026-04,steipete/vox,5,0.000541
steipete,2026-04,steipete/poltergeist,5,0.000541
steipete,2026-04,steipete/oracle,5,0.000541
steipete,2026-04,openclaw/cookbook,5,0.000541
steipete,2026-04,openclaw/clawsweeper.bot,5,0.000541
steipete,2026-04,openclaw/spogo,4,0.000433
steipete,2026-04,openclaw/Tachikoma,4,0.000433
steipete,2026-04,steipete/steipete.me,4,0.000433
steipete,2026-04,steipete/Swiftdansi,4,0.000433
steipete,2026-04,steipete/steipete,3,0.000325
steipete,2026-04,openclaw/imsg,3,0.000325
steipete,2026-04,steipete/camsnap,3,0.000325
steipete,2026-04,steipete/RepoBar,3,0.000325
steipete,2026-04,steipete/Terminator,3,0.000325
steipete,2026-04,steipete/sweetlink,3,0.000325
steipete,2026-04,steipete/bslog,3,0.000325
steipete,2026-04,amantus-ai/llm-codes,3,0.000325
steipete,2026-04,openclaw/nix-openclaw-tools,2,0.000217
steipete,2026-04,steipete/sag,2,0.000217
steipete,2026-04,steipete/sonoscli,2,0.000217
steipete,2026-04,steipete/gifgrep,2,0.000217
steipete,2026-04,steipete/brabble,2,0.000217
steipete,2026-04,steipete/Markdansi,2,0.000217
steipete,2026-04,openclaw/plugin-inspector,2,0.000217
steipete,2026-04,steipete/inngest,2,0.000217
steipete,2026-04,steipete/ElevenLabsKit,2,0.000217
steipete,2026-04,steipete/lore.md,2,0.000217
steipete,2026-04,steipete/agent-rules,2,0.000217
steipete,2026-04,steipete/Commander,2,0.000217
steipete,2026-04,openclaw/AXorcist,2,0.000217
steipete,2026-04,openclaw/homebrew-tap,2,0.000217
steipete,2026-04,steipete/SOUL.md,1,0.000108
steipete,2026-04,vincentkoc/slacrawl,1,0.000108
steipete,2026-04,steipete/claude-code-mcp,1,0.000108
steipete,2026-04,openclaw/goplaces,1,0.000108
steipete,2026-04,steipete/sweetcookie,1,0.000108
steipete,2026-04,steipete/Trimmy,1,0.000108
steipete,2026-04,steipete/SweetCookieKit,1,0.000108
steipete,2026-04,steipete/Demark,1,0.000108
steipete,2026-04,steipete/aibench,1,0.000108
steipete,2026-04,steipete/InterposeKit,1,0.000108
steipete,2026-04,steipete/conduit-mcp,1,0.000108
steipete,2026-04,steipete/TauTUI,1,0.000108
steveyegge,2025-10,gastownhall/beads,325,0.970149
steveyegge,2025-10,gastownhall/homebrew-beads,10,0.029851
steveyegge,2025-11,gastownhall/beads,415,1.000000
steveyegge,2025-12,gastownhall/gastown,1985,0.571552
steveyegge,2025-12,gastownhall/beads,1484,0.427296
steveyegge,2025-12,gastownhall/homebrew-beads,4,0.001152
steveyegge,2026-01,gastownhall/beads,821,0.525608
steveyegge,2026-01,gastownhall/gastown,741,0.474392
steveyegge,2026-02,gastownhall/gastown,1073,0.543566
steveyegge,2026-02,gastownhall/beads,900,0.455927
steveyegge,2026-02,steveyegge/gastown-otel,1,0.000507
steveyegge,2026-03,gastownhall/gastown,936,0.605433
steveyegge,2026-03,gastownhall/beads,596,0.385511
steveyegge,2026-03,gastownhall/wasteland,12,0.007762
steveyegge,2026-03,gastownhall/homebrew-beads,1,0.000647
steveyegge,2026-03,gastownhall/gascity,1,0.000647
steveyegge,2026-04,gastownhall/gastown,46,0.779661
steveyegge,2026-04,gastownhall/beads,13,0.220339
teamchong,2025-11,teamchong/metal0,847,1.000000
teamchong,2025-12,teamchong/metal0,1775,0.564029
teamchong,2025-12,teamchong/edgebox,756,0.240229
teamchong,2025-12,teamchong/lanceql,452,0.143629
teamchong,2025-12,teamchong/zell,164,0.052113
teamchong,2026-01,teamchong/termweb,417,0.325019
teamchong,2026-01,teamchong/lanceql,357,0.278254
teamchong,2026-01,teamchong/edgebox,348,0.271239
teamchong,2026-01,teamchong/metal0,153,0.119252
teamchong,2026-01,teamchong/zell,5,0.003897
teamchong,2026-01,bytecodealliance/wasm-micro-runtime,2,0.001559
teamchong,2026-01,ghostty-org/ghostty,1,0.000779
teamchong,2026-02,teamchong/termweb,306,0.586207
teamchong,2026-02,teamchong/vectorjson,154,0.295019
teamchong,2026-02,teamchong/edgebox,53,0.101533
teamchong,2026-02,teamchong/codesift,9,0.017241
teamchong,2026-03,teamchong/querymode,423,0.405950
teamchong,2026-03,teamchong/pymode,246,0.236084
teamchong,2026-03,teamchong/drawmode,102,0.097889
teamchong,2026-03,teamchong/nodemode,95,0.091171
teamchong,2026-03,teamchong/gitmode,73,0.070058
teamchong,2026-03,teamchong/gomode,36,0.034549
teamchong,2026-03,teamchong/vectorjson,34,0.032630
teamchong,2026-03,teamchong/zerobuf,33,0.031670
teamchong,2026-04,teamchong/textsift,163,0.449036
teamchong,2026-04,teamchong/turboquant-wasm,99,0.272727
teamchong,2026-04,teamchong/capnwasm,75,0.206612
teamchong,2026-04,teamchong/gitmode,18,0.049587
teamchong,2026-04,teamchong/drawmode,5,0.013774
teamchong,2026-04,teamchong/teamchong.net,2,0.005510
teamchong,2026-04,teamchong/pymode,1,0.002755
